time,open,high,low,close
946684800,-1.53,-1.53,-1.53,-1.53
949363200,-1.34,-1.34,-1.34,-1.34
951868800,-1.16,-1.16,-1.16,-1.16
954547200,-1.18,-1.18,-1.18,-1.18
957139200,-1.07,-1.07,-1.07,-1.07
959817600,-0.85,-0.85,-0.85,-0.85
962409600,-0.54,-0.54,-0.54,-0.54
965088000,-0.42,-0.42,-0.42,-0.42
967766400,-0.39,-0.39,-0.39,-0.39
970358400,-0.44,-0.44,-0.44,-0.44
973036800,-0.6,-0.6,-0.6,-0.6
975628800,-0.8,-0.8,-0.8,-0.8
978307200,-0.82,-0.82,-0.82,-0.82
980985600,-0.54,-0.54,-0.54,-0.54
983404800,-0.17,-0.17,-0.17,-0.17
986083200,0.18,0.18,0.18,0.18
988675200,0.36,0.36,0.36,0.36
991353600,0.58,0.58,0.58,0.58
993945600,0.7,0.7,0.7,0.7
996624000,0.89,0.89,0.89,0.89
999302400,0.99,0.99,0.99,0.99
1001894400,1.15,1.15,1.15,1.15
1004572800,1.04,1.04,1.04,1.04
1007164800,0.81,0.81,0.81,0.81
1009843200,0.53,0.53,0.53,0.53
1012521600,0.37,0.37,0.37,0.37
1014940800,0.34,0.34,0.34,0.34
1017619200,0.29,0.29,0.29,0.29
1020211200,0.2,0.2,0.2,0.2
1022889600,0.0,0.0,0.0,0.0
1025481600,-0.08,-0.08,-0.08,-0.08
1028160000,0.0,0.0,0.0,0.0
1030838400,0.15,0.15,0.15,0.15
1033430400,0.1,0.1,0.1,0.1
1036108800,0.04,0.04,0.04,0.04
1038700800,0.15,0.15,0.15,0.15
1041379200,0.4,0.4,0.4,0.4
1044057600,0.6,0.6,0.6,0.6
1046476800,0.63,0.63,0.63,0.63
1049155200,0.66,0.66,0.66,0.66
1051747200,0.75,0.75,0.75,0.75
1054425600,0.77,0.77,0.77,0.77
1057017600,0.75,0.75,0.75,0.75
1059696000,0.73,0.73,0.73,0.73
1062374400,0.78,0.78,0.78,0.78
1064966400,0.84,0.84,0.84,0.84
1067644800,0.84,0.84,0.84,0.84
1070236800,0.81,0.81,0.81,0.81
1072915200,0.76,0.76,0.76,0.76
1075593600,0.47,0.47,0.47,0.47
1078099200,-0.05,-0.05,-0.05,-0.05
1080777600,-0.41,-0.41,-0.41,-0.41
1083369600,-0.54,-0.54,-0.54,-0.54
1086048000,-0.5,-0.5,-0.5,-0.5
1088640000,-0.64,-0.64,-0.64,-0.64
1091318400,-0.84,-0.84,-0.84,-0.84
1093996800,-0.9,-0.9,-0.9,-0.9
1096588800,-0.77,-0.77,-0.77,-0.77
1099267200,-0.73,-0.73,-0.73,-0.73
1101859200,-0.66,-0.66,-0.66,-0.66
1104537600,-0.68,-0.68,-0.68,-0.68
1107216000,-0.62,-0.62,-0.62,-0.62
1109635200,-0.69,-0.69,-0.69,-0.69
1112313600,-0.8,-0.8,-0.8,-0.8
1114905600,-0.79,-0.79,-0.79,-0.79
1117584000,-0.72,-0.72,-0.72,-0.72
1120176000,-0.68,-0.68,-0.68,-0.68
1122854400,-0.75,-0.75,-0.75,-0.75
1125532800,-1.09,-1.09,-1.09,-1.09
1128124800,-1.42,-1.42,-1.42,-1.42
1130803200,-1.67,-1.67,-1.67,-1.67
1133395200,-1.47,-1.47,-1.47,-1.47
1136073600,-1.11,-1.11,-1.11,-1.11
1138752000,-0.76,-0.76,-0.76,-0.76
1141171200,-0.63,-0.63,-0.63,-0.63
1143849600,-0.54,-0.54,-0.54,-0.54
1146441600,-0.52,-0.52,-0.52,-0.52
1149120000,-0.51,-0.51,-0.51,-0.51
1151712000,-0.57,-0.57,-0.57,-0.57
1154390400,-0.55,-0.55,-0.55,-0.55
1157068800,-0.46,-0.46,-0.46,-0.46
1159660800,-0.42,-0.42,-0.42,-0.42
1162339200,-0.43,-0.43,-0.43,-0.43
1164931200,-0.43,-0.43,-0.43,-0.43
1167609600,-0.25,-0.25,-0.25,-0.25
1170288000,0.06,0.06,0.06,0.06
1172707200,0.41,0.41,0.41,0.41
1175385600,0.72,0.72,0.72,0.72
1177977600,0.92,0.92,0.92,0.92
1180656000,1.11,1.11,1.11,1.11
1183248000,1.25,1.25,1.25,1.25
1185926400,1.32,1.32,1.32,1.32
1188604800,1.33,1.33,1.33,1.33
1191196800,1.39,1.39,1.39,1.39
1193875200,1.53,1.53,1.53,1.53
1196467200,1.74,1.74,1.74,1.74
1199145600,1.81,1.81,1.81,1.81
1201824000,1.66,1.66,1.66,1.66
1204329600,1.27,1.27,1.27,1.27
1207008000,0.93,0.93,0.93,0.93
1209600000,0.74,0.74,0.74,0.74
1212278400,0.64,0.64,0.64,0.64
1214870400,0.57,0.57,0.57,0.57
1217548800,0.43,0.43,0.43,0.43
1220227200,0.39,0.39,0.39,0.39
1222819200,0.44,0.44,0.44,0.44
1225497600,0.5,0.5,0.5,0.5
1228089600,0.61,0.61,0.61,0.61
1230768000,0.61,0.61,0.61,0.61
1233446400,0.62,0.62,0.62,0.62
1235865600,0.52,0.52,0.52,0.52
1238544000,0.33,0.33,0.33,0.33
1241136000,0.2,0.2,0.2,0.2
1243814400,-0.07,-0.07,-0.07,-0.07
1246406400,-0.18,-0.18,-0.18,-0.18
1249084800,-0.28,-0.28,-0.28,-0.28
1251763200,-0.09,-0.09,-0.09,-0.09
1254355200,-0.03,-0.03,-0.03,-0.03
1257033600,0.05,0.05,0.05,0.05
1259625600,-0.04,-0.04,-0.04,-0.04
1262304000,-0.1,-0.1,-0.1,-0.1
1264982400,-0.1,-0.1,-0.1,-0.1
1267401600,-0.07,-0.07,-0.07,-0.07
1270080000,0.03,0.03,0.03,0.03
1272672000,0.02,0.02,0.02,0.02
1275350400,0.03,0.03,0.03,0.03
1277942400,0.13,0.13,0.13,0.13
1280620800,0.24,0.24,0.24,0.24
1283299200,0.27,0.27,0.27,0.27
1285891200,0.2,0.2,0.2,0.2
1288569600,0.12,0.12,0.12,0.12
1291161600,0.05,0.05,0.05,0.05
1293840000,0.04,0.04,0.04,0.04
1296518400,0.03,0.03,0.03,0.03
1298937600,0.04,0.04,0.04,0.04
1301616000,0.09,0.09,0.09,0.09
1304208000,0.23,0.23,0.23,0.23
1306886400,0.27,0.27,0.27,0.27
1309478400,0.14,0.14,0.14,0.14
1312156800,-0.13,-0.13,-0.13,-0.13
1314835200,-0.3,-0.3,-0.3,-0.3
1317427200,-0.26,-0.26,-0.26,-0.26
1320105600,-0.19,-0.19,-0.19,-0.19
1322697600,-0.16,-0.16,-0.16,-0.16
1325376000,-0.24,-0.24,-0.24,-0.24
1328054400,-0.22,-0.22,-0.22,-0.22
1330560000,-0.2,-0.2,-0.2,-0.2
1333238400,-0.26,-0.26,-0.26,-0.26
1335830400,-0.28,-0.28,-0.28,-0.28
1338508800,-0.2,-0.2,-0.2,-0.2
1341100800,-0.04,-0.04,-0.04,-0.04
1343779200,-0.07,-0.07,-0.07,-0.07
1346457600,-0.11,-0.11,-0.11,-0.11
1349049600,-0.22,-0.22,-0.22,-0.22
1351728000,-0.31,-0.31,-0.31,-0.31
1354320000,-0.43,-0.43,-0.43,-0.43
1356998400,-0.4,-0.4,-0.4,-0.4
1359676800,-0.15,-0.15,-0.15,-0.15
1362096000,0.15,0.15,0.15,0.15
1364774400,0.27,0.27,0.27,0.27
1367366400,0.31,0.31,0.31,0.31
1370044800,0.52,0.52,0.52,0.52
1372636800,0.86,0.86,0.86,0.86
1375315200,1.14,1.14,1.14,1.14
1377993600,1.22,1.22,1.22,1.22
1380585600,1.29,1.29,1.29,1.29
1383264000,1.37,1.37,1.37,1.37
1385856000,1.31,1.31,1.31,1.31
1388534400,1.07,1.07,1.07,1.07
1391212800,0.62,0.62,0.62,0.62
1393632000,0.12,0.12,0.12,0.12
1396310400,-0.33,-0.33,-0.33,-0.33
1398902400,-0.58,-0.58,-0.58,-0.58
1401580800,-0.58,-0.58,-0.58,-0.58
1404172800,-0.6,-0.6,-0.6,-0.6
1406851200,-0.66,-0.66,-0.66,-0.66
1409529600,-0.76,-0.76,-0.76,-0.76
1412121600,-0.8,-0.8,-0.8,-0.8
1414800000,-0.82,-0.82,-0.82,-0.82
1417392000,-0.78,-0.78,-0.78,-0.78
1420070400,-0.59,-0.59,-0.59,-0.59
1422748800,-0.28,-0.28,-0.28,-0.28
1425168000,-0.07,-0.07,-0.07,-0.07
1427846400,0.18,0.18,0.18,0.18
1430438400,0.46,0.46,0.46,0.46
1433116800,0.83,0.83,0.83,0.83
1435708800,1.22,1.22,1.22,1.22
1438387200,1.54,1.54,1.54,1.54
1441065600,1.85,1.85,1.85,1.85
1443657600,1.98,1.98,1.98,1.98
1446336000,1.97,1.97,1.97,1.97
1448928000,1.72,1.72,1.72,1.72
1451606400,1.37,1.37,1.37,1.37
1454284800,1.17,1.17,1.17,1.17
1456790400,0.98,0.98,0.98,0.98
1459468800,0.66,0.66,0.66,0.66
1462060800,0.35,0.35,0.35,0.35
1464739200,0.24,0.24,0.24,0.24
1467331200,0.24,0.24,0.24,0.24
1470009600,0.12,0.12,0.12,0.12
1472688000,-0.05,-0.05,-0.05,-0.05
1475280000,-0.1,-0.1,-0.1,-0.1
1477958400,-0.18,-0.18,-0.18,-0.18
1480550400,-0.3,-0.3,-0.3,-0.3
1483228800,-0.41,-0.41,-0.41,-0.41
1485907200,-0.48,-0.48,-0.48,-0.48
1488326400,-0.53,-0.53,-0.53,-0.53
1491004800,-0.45,-0.45,-0.45,-0.45
1493596800,-0.24,-0.24,-0.24,-0.24
1496275200,-0.0,-0.0,-0.0,-0.0
1498867200,0.05,0.05,0.05,0.05
1501545600,-0.16,-0.16,-0.16,-0.16
1504224000,-0.3,-0.3,-0.3,-0.3
1506816000,-0.38,-0.38,-0.38,-0.38
1509494400,-0.34,-0.34,-0.34,-0.34
1512086400,-0.44,-0.44,-0.44,-0.44
1514764800,-0.64,-0.64,-0.64,-0.64
1517443200,-0.74,-0.74,-0.74,-0.74
1519862400,-0.62,-0.62,-0.62,-0.62
1522540800,-0.44,-0.44,-0.44,-0.44
1525132800,-0.04,-0.04,-0.04,-0.04
1527811200,0.28,0.28,0.28,0.28
1530403200,0.58,0.58,0.58,0.58
1533081600,0.53,0.53,0.53,0.53
1535760000,0.45,0.45,0.45,0.45
1538352000,0.55,0.55,0.55,0.55
1541030400,0.73,0.73,0.73,0.73
1543622400,0.98,0.98,0.98,0.98
1546300800,1.13,1.13,1.13,1.13
1548979200,1.09,1.09,1.09,1.09
1551398400,0.95,0.95,0.95,0.95
1554076800,0.77,0.77,0.77,0.77
1556668800,0.61,0.61,0.61,0.61
1559347200,0.43,0.43,0.43,0.43
1561939200,0.36,0.36,0.36,0.36
1564617600,0.51,0.51,0.51,0.51
1567296000,0.79,0.79,0.79,0.79
1569888000,0.86,0.86,0.86,0.86
1572566400,0.81,0.81,0.81,0.81
1575158400,0.63,0.63,0.63,0.63
1577836800,0.51,0.51,0.51,0.51
1580515200,0.34,0.34,0.34,0.34
1583020800,0.29,0.29,0.29,0.29
1585699200,0.19,0.19,0.19,0.19
1588291200,0.04,0.04,0.04,0.04
1590969600,-0.3,-0.3,-0.3,-0.3
1593561600,-0.63,-0.63,-0.63,-0.63
1596240000,-0.76,-0.76,-0.76,-0.76
1598918400,-0.77,-0.77,-0.77,-0.77
1601510400,-0.74,-0.74,-0.74,-0.74
1604188800,-0.86,-0.86,-0.86,-0.86
1606780800,-1.15,-1.15,-1.15,-1.15
1609459200,-1.36,-1.36,-1.36,-1.36
1612137600,-1.38,-1.38,-1.38,-1.38
1614556800,-1.12,-1.12,-1.12,-1.12
1617235200,-0.85,-0.85,-0.85,-0.85
1619827200,-0.73,-0.73,-0.73,-0.73
1622505600,-0.74,-0.74,-0.74,-0.74
1625097600,-0.8,-0.8,-0.8,-0.8
1627776000,-0.77,-0.77,-0.77,-0.77
1630454400,-0.82,-0.82,-0.82,-0.82
1633046400,-0.85,-0.85,-0.85,-0.85
1635724800,-0.96,-0.96,-0.96,-0.96
1638316800,-0.9,-0.9,-0.9,-0.9
1640995200,-0.71,-0.71,-0.71,-0.71
1643673600,-0.35,-0.35,-0.35,-0.35
1646092800,0.06,0.06,0.06,0.06
1648771200,0.41,0.41,0.41,0.41
1651363200,0.67,0.67,0.67,0.67
1654041600,0.92,0.92,0.92,0.92
1656633600,1.13,1.13,1.13,1.13
1659312000,1.37,1.37,1.37,1.37
1661990400,1.58,1.58,1.58,1.58
1664582400,1.84,1.84,1.84,1.84
1667260800,2.09,2.09,2.09,2.09
1669852800,2.12,2.12,2.12,2.12
1672531200,1.84,1.84,1.84,1.84
1675209600,1.25,1.25,1.25,1.25
1677628800,0.54,0.54,0.54,0.54
1680307200,-0.1,-0.1,-0.1,-0.1
1682899200,-0.54,-0.54,-0.54,-0.54
1685577600,-0.87,-0.87,-0.87,-0.87
1688169600,-1.11,-1.11,-1.11,-1.11
1690848000,-1.28,-1.28,-1.28,-1.28
1693526400,-1.45,-1.45,-1.45,-1.45
1696118400,-1.71,-1.71,-1.71,-1.71
1698796800,-1.95,-1.95,-1.95,-1.95
1701388800,-2.03,-2.03,-2.03,-2.03
1704067200,-1.84,-1.84,-1.84,-1.84
1706745600,-1.55,-1.55,-1.55,-1.55
1709251200,-1.23,-1.23,-1.23,-1.23
1711929600,-1.03,-1.03,-1.03,-1.03
1714521600,-0.91,-0.91,-0.91,-0.91
1717200000,-0.77,-0.77,-0.77,-0.77
1719792000,-0.53,-0.53,-0.53,-0.53
1722470400,-0.37,-0.37,-0.37,-0.37
1725148800,-0.41,-0.41,-0.41,-0.41
1727740800,-0.61,-0.61,-0.61,-0.61
1730419200,-0.75,-0.75,-0.75,-0.75
1733011200,-0.64,-0.64,-0.64,-0.64
1735689600,-0.54,-0.54,-0.54,-0.54
1738368000,-0.57,-0.57,-0.57,-0.57
1740787200,-0.65,-0.65,-0.65,-0.65
1743465600,-0.73,-0.73,-0.73,-0.73
1746057600,-0.83,-0.83,-0.83,-0.83
1748736000,-0.98,-0.98,-0.98,-0.98
1751328000,-1.13,-1.13,-1.13,-1.13
1754006400,-1.2,-1.2,-1.2,-1.2
1756684800,-1.37,-1.37,-1.37,-1.37
1759276800,-1.43,-1.43,-1.43,-1.43
1761955200,-1.55,-1.55,-1.55,-1.55
1764547200,-1.65,-1.65,-1.65,-1.65
1767225600,-1.56,-1.56,-1.56,-1.56
1769904000,-1.17,-1.17,-1.17,-1.17
1772323200,-0.73,-0.73,-0.73,-0.73
1775001600,-0.47,-0.47,-0.47,-0.47
1777593600,-0.28,-0.28,-0.28,-0.28
1780272000,-0.05,-0.05,-0.05,-0.05
1782864000,0.18,0.18,0.18,0.18
1785542400,0.35,0.35,0.35,0.35
1788220800,0.62,0.62,0.62,0.62
1790812800,0.81,0.81,0.81,0.81
1793491200,0.86,0.86,0.86,0.86
1796083200,0.85,0.85,0.85,0.85
1798761600,0.71,0.71,0.71,0.71
1801440000,0.64,0.64,0.64,0.64
1803859200,0.34,0.34,0.34,0.34
1806537600,0.23,0.23,0.23,0.23
1809129600,0.21,0.21,0.21,0.21
1811808000,0.34,0.34,0.34,0.34
1814400000,0.35,0.35,0.35,0.35
1817078400,0.42,0.42,0.42,0.42
1819756800,0.57,0.57,0.57,0.57
1822348800,0.73,0.73,0.73,0.73
1825027200,0.81,0.81,0.81,0.81
1827619200,0.79,0.79,0.79,0.79
1830297600,0.69,0.69,0.69,0.69
1832976000,0.42,0.42,0.42,0.42
1835481600,0.06,0.06,0.06,0.06
1838160000,-0.18,-0.18,-0.18,-0.18
1840752000,-0.31,-0.31,-0.31,-0.31
1843430400,-0.29,-0.29,-0.29,-0.29
1846022400,-0.36,-0.36,-0.36,-0.36
1848700800,-0.42,-0.42,-0.42,-0.42
1851379200,-0.42,-0.42,-0.42,-0.42
1853971200,-0.29,-0.29,-0.29,-0.29
1856649600,-0.08,-0.08,-0.08,-0.08
1859241600,0.0,0.0,0.0,0.0
1861920000,0.03,0.03,0.03,0.03
1864598400,0.07,0.07,0.07,0.07
1867017600,0.2,0.2,0.2,0.2
1869696000,0.28,0.28,0.28,0.28
1872288000,0.23,0.23,0.23,0.23
1874966400,0.05,0.05,0.05,0.05
1877558400,0.04,0.04,0.04,0.04
1880236800,0.17,0.17,0.17,0.17
1882915200,0.33,0.33,0.33,0.33
1885507200,0.45,0.45,0.45,0.45
1888185600,0.52,0.52,0.52,0.52
1890777600,0.64,0.64,0.64,0.64
1893456000,0.59,0.59,0.59,0.59
1896134400,0.46,0.46,0.46,0.46
1898553600,0.34,0.34,0.34,0.34
1901232000,0.38,0.38,0.38,0.38
1903824000,0.48,0.48,0.48,0.48
1906502400,0.46,0.46,0.46,0.46
1909094400,0.25,0.25,0.25,0.25
1911772800,0.03,0.03,0.03,0.03
1914451200,-0.07,-0.07,-0.07,-0.07
1917043200,0.02,0.02,0.02,0.02
1919721600,0.11,0.11,0.11,0.11
1922313600,-0.01,-0.01,-0.01,-0.01
1924992000,-0.26,-0.26,-0.26,-0.26
1927670400,-0.5,-0.5,-0.5,-0.5
1930089600,-0.47,-0.47,-0.47,-0.47
1932768000,-0.37,-0.37,-0.37,-0.37
1935360000,-0.26,-0.26,-0.26,-0.26
1938038400,-0.29,-0.29,-0.29,-0.29
1940630400,-0.3,-0.3,-0.3,-0.3
1943308800,-0.25,-0.25,-0.25,-0.25
1945987200,-0.16,-0.16,-0.16,-0.16
1948579200,-0.13,-0.13,-0.13,-0.13
1951257600,-0.15,-0.15,-0.15,-0.15
1953849600,-0.08,-0.08,-0.08,-0.08
1956528000,-0.05,-0.05,-0.05,-0.05
1959206400,0.07,0.07,0.07,0.07
1961712000,0.19,0.19,0.19,0.19
1964390400,0.47,0.47,0.47,0.47
1966982400,0.66,0.66,0.66,0.66
1969660800,0.72,0.72,0.72,0.72
1972252800,0.79,0.79,0.79,0.79
1974931200,1.07,1.07,1.07,1.07
1977609600,1.58,1.58,1.58,1.58
1980201600,1.97,1.97,1.97,1.97
1982880000,2.18,2.18,2.18,2.18
1985472000,2.23,2.23,2.23,2.23
1988150400,2.18,2.18,2.18,2.18
1990828800,1.92,1.92,1.92,1.92
1993248000,1.54,1.54,1.54,1.54
1995926400,1.29,1.29,1.29,1.29
1998518400,1.06,1.06,1.06,1.06
2001196800,0.72,0.72,0.72,0.72
2003788800,0.31,0.31,0.31,0.31
2006467200,-0.08,-0.08,-0.08,-0.08
2009145600,-0.46,-0.46,-0.46,-0.46
2011737600,-0.81,-0.81,-0.81,-0.81
2014416000,-1.0,-1.0,-1.0,-1.0
2017008000,-0.91,-0.91,-0.91,-0.91
2019686400,-0.6,-0.6,-0.6,-0.6
2022364800,-0.42,-0.42,-0.42,-0.42
2024784000,-0.34,-0.34,-0.34,-0.34
2027462400,-0.43,-0.43,-0.43,-0.43
2030054400,-0.51,-0.51,-0.51,-0.51
2032732800,-0.45,-0.45,-0.45,-0.45
2035324800,-0.3,-0.3,-0.3,-0.3
2038003200,-0.16,-0.16,-0.16,-0.16
2040681600,-0.24,-0.24,-0.24,-0.24
2043273600,-0.56,-0.56,-0.56,-0.56
2045952000,-0.92,-0.92,-0.92,-0.92
2048544000,-1.14,-1.14,-1.14,-1.14
2051222400,-1.04,-1.04,-1.04,-1.04
2053900800,-0.85,-0.85,-0.85,-0.85
2056320000,-0.77,-0.77,-0.77,-0.77
2058998400,-0.78,-0.78,-0.78,-0.78
2061590400,-0.78,-0.78,-0.78,-0.78
2064268800,-0.63,-0.63,-0.63,-0.63
2066860800,-0.49,-0.49,-0.49,-0.49
2069539200,-0.46,-0.46,-0.46,-0.46
2072217600,-0.4,-0.4,-0.4,-0.4
2074809600,-0.35,-0.35,-0.35,-0.35
2077488000,-0.27,-0.27,-0.27,-0.27
2080080000,-0.36,-0.36,-0.36,-0.36
2082758400,-0.49,-0.49,-0.49,-0.49
2085436800,-0.47,-0.47,-0.47,-0.47
2087942400,-0.31,-0.31,-0.31,-0.31
2090620800,-0.2,-0.2,-0.2,-0.2
2093212800,-0.12,-0.12,-0.12,-0.12
2095891200,-0.04,-0.04,-0.04,-0.04
2098483200,0.22,0.22,0.22,0.22
2101161600,0.44,0.44,0.44,0.44
2103840000,0.71,0.71,0.71,0.71
2106432000,0.94,0.94,0.94,0.94
2109110400,1.14,1.14,1.14,1.14
2111702400,1.22,1.22,1.22,1.22
2114380800,1.23,1.23,1.23,1.23
2117059200,1.19,1.19,1.19,1.19
2119478400,1.06,1.06,1.06,1.06
2122156800,0.95,0.95,0.95,0.95
2124748800,0.97,0.97,0.97,0.97
2127427200,1.22,1.22,1.22,1.22
2130019200,1.51,1.51,1.51,1.51
2132697600,1.7,1.7,1.7,1.7
2135376000,1.65,1.65,1.65,1.65
2137968000,1.48,1.48,1.48,1.48
2140646400,1.25,1.25,1.25,1.25
2143238400,1.11,1.11,1.11,1.11
2145916800,0.81,0.81,0.81,0.81
2148595200,0.54,0.54,0.54,0.54
2151014400,0.14,0.14,0.14,0.14
2153692800,-0.31,-0.31,-0.31,-0.31
2156284800,-0.88,-0.88,-0.88,-0.88
2158963200,-1.3,-1.3,-1.3,-1.3
2161555200,-1.3,-1.3,-1.3,-1.3
2164233600,-1.11,-1.11,-1.11,-1.11
2166912000,-1.19,-1.19,-1.19,-1.19
2169504000,-1.48,-1.48,-1.48,-1.48
2172182400,-1.8,-1.8,-1.8,-1.8
2174774400,-1.85,-1.85,-1.85,-1.85
2177452800,-1.69,-1.69,-1.69,-1.69
2180131200,-1.43,-1.43,-1.43,-1.43
2182550400,-1.08,-1.08,-1.08,-1.08
2185228800,-0.83,-0.83,-0.83,-0.83
2187820800,-0.58,-0.58,-0.58,-0.58
2190499200,-0.4,-0.4,-0.4,-0.4
2193091200,-0.31,-0.31,-0.31,-0.31
2195769600,-0.27,-0.27,-0.27,-0.27
2198448000,-0.24,-0.24,-0.24,-0.24
2201040000,-0.22,-0.22,-0.22,-0.22
2203718400,-0.16,-0.16,-0.16,-0.16
2206310400,-0.05,-0.05,-0.05,-0.05
2208988800,0.14,0.14,0.14,0.14
2211667200,0.21,0.21,0.21,0.21
2214172800,0.28,0.28,0.28,0.28
2216851200,0.29,0.29,0.29,0.29
2219443200,0.29,0.29,0.29,0.29
2222121600,0.31,0.31,0.31,0.31
2224713600,0.33,0.33,0.33,0.33
2227392000,0.38,0.38,0.38,0.38
2230070400,0.39,0.39,0.39,0.39
2232662400,0.35,0.35,0.35,0.35
2235340800,0.4,0.4,0.4,0.4
2237932800,0.41,0.41,0.41,0.41
2240611200,0.41,0.41,0.41,0.41
2243289600,0.26,0.26,0.26,0.26
2245708800,0.22,0.22,0.22,0.22
2248387200,0.26,0.26,0.26,0.26
2250979200,0.45,0.45,0.45,0.45
2253657600,0.64,0.64,0.64,0.64
2256249600,0.73,0.73,0.73,0.73
2258928000,0.64,0.64,0.64,0.64
2261606400,0.62,0.62,0.62,0.62
2264198400,0.79,0.79,0.79,0.79
2266876800,1.21,1.21,1.21,1.21
2269468800,1.53,1.53,1.53,1.53
2272147200,1.71,1.71,1.71,1.71
2274825600,1.63,1.63,1.63,1.63
2277244800,1.48,1.48,1.48,1.48
2279923200,1.29,1.29,1.29,1.29
2282515200,1.06,1.06,1.06,1.06
2285193600,0.73,0.73,0.73,0.73
2287785600,0.37,0.37,0.37,0.37
2290464000,0.09,0.09,0.09,0.09
2293142400,-0.13,-0.13,-0.13,-0.13
2295734400,-0.25,-0.25,-0.25,-0.25
2298412800,-0.28,-0.28,-0.28,-0.28
2301004800,-0.13,-0.13,-0.13,-0.13
2303683200,0.09,0.09,0.09,0.09
2306361600,0.3,0.3,0.3,0.3
2308780800,0.5,0.5,0.5,0.5
2311459200,0.67,0.67,0.67,0.67
2314051200,0.7,0.7,0.7,0.7
2316729600,0.57,0.57,0.57,0.57
2319321600,0.32,0.32,0.32,0.32
2322000000,0.25,0.25,0.25,0.25
2324678400,0.15,0.15,0.15,0.15
2327270400,0.1,0.1,0.1,0.1
2329948800,0.04,0.04,0.04,0.04
2332540800,0.06,0.06,0.06,0.06
2335219200,0.06,0.06,0.06,0.06
2337897600,0.07,0.07,0.07,0.07
2340403200,0.17,0.17,0.17,0.17
2343081600,0.31,0.31,0.31,0.31
2345673600,0.42,0.42,0.42,0.42
2348352000,0.41,0.41,0.41,0.41
2350944000,0.44,0.44,0.44,0.44
2353622400,0.43,0.43,0.43,0.43
2356300800,0.55,0.55,0.55,0.55
2358892800,0.74,0.74,0.74,0.74
2361571200,1.01,1.01,1.01,1.01
2364163200,1.09,1.09,1.09,1.09
2366841600,0.96,0.96,0.96,0.96
2369520000,0.72,0.72,0.72,0.72
2371939200,0.53,0.53,0.53,0.53
2374617600,0.3,0.3,0.3,0.3
2377209600,0.14,0.14,0.14,0.14
2379888000,-0.03,-0.03,-0.03,-0.03
2382480000,-0.24,-0.24,-0.24,-0.24
2385158400,-0.54,-0.54,-0.54,-0.54
2387836800,-0.81,-0.81,-0.81,-0.81
2390428800,-0.97,-0.97,-0.97,-0.97
2393107200,-1.0,-1.0,-1.0,-1.0
2395699200,-0.98,-0.98,-0.98,-0.98
2398377600,-0.9,-0.9,-0.9,-0.9
2401056000,-0.75,-0.75,-0.75,-0.75
2403475200,-0.59,-0.59,-0.59,-0.59
2406153600,-0.39,-0.39,-0.39,-0.39
2408745600,-0.31,-0.31,-0.31,-0.31
2411424000,-0.3,-0.3,-0.3,-0.3
2414016000,-0.27,-0.27,-0.27,-0.27
2416694400,-0.32,-0.32,-0.32,-0.32
2419372800,-0.35,-0.35,-0.35,-0.35
2421964800,-0.4,-0.4,-0.4,-0.4
2424643200,-0.45,-0.45,-0.45,-0.45
2427235200,-0.49,-0.49,-0.49,-0.49
2429913600,-0.5,-0.5,-0.5,-0.5
2432592000,-0.36,-0.36,-0.36,-0.36
2435011200,-0.1,-0.1,-0.1,-0.1
2437689600,0.28,0.28,0.28,0.28
2440281600,0.75,0.75,0.75,0.75
2442960000,1.22,1.22,1.22,1.22
2445552000,1.6,1.6,1.6,1.6
2448230400,1.9,1.9,1.9,1.9
2450908800,2.14,2.14,2.14,2.14
2453500800,2.33,2.33,2.33,2.33
2456179200,2.4,2.4,2.4,2.4
2458771200,2.39,2.39,2.39,2.39
2461449600,2.24,2.24,2.24,2.24
2464128000,1.93,1.93,1.93,1.93
2466633600,1.44,1.44,1.44,1.44
2469312000,0.99,0.99,0.99,0.99
2471904000,0.45,0.45,0.45,0.45
2474582400,-0.13,-0.13,-0.13,-0.13
2477174400,-0.78,-0.78,-0.78,-0.78
2479852800,-1.12,-1.12,-1.12,-1.12
2482531200,-1.31,-1.31,-1.31,-1.31
2485123200,-1.35,-1.35,-1.35,-1.35
2487801600,-1.48,-1.48,-1.48,-1.48
2490393600,-1.57,-1.57,-1.57,-1.57
2493072000,-1.55,-1.55,-1.55,-1.55
2495750400,-1.3,-1.3,-1.3,-1.3
2498169600,-1.07,-1.07,-1.07,-1.07
2500848000,-0.98,-0.98,-0.98,-0.98
2503440000,-1.02,-1.02,-1.02,-1.02
2506118400,-1.04,-1.04,-1.04,-1.04
2508710400,-1.1,-1.1,-1.1,-1.1
2511388800,-1.11,-1.11,-1.11,-1.11
2514067200,-1.16,-1.16,-1.16,-1.16
2516659200,-1.26,-1.26,-1.26,-1.26
2519337600,-1.46,-1.46,-1.46,-1.46
2521929600,-1.65,-1.65,-1.65,-1.65
2524608000,-1.66,-1.66,-1.66,-1.66
2527286400,-1.41,-1.41,-1.41,-1.41
2529705600,-1.07,-1.07,-1.07,-1.07
2532384000,-0.81,-0.81,-0.81,-0.81
2534976000,-0.71,-0.71,-0.71,-0.71
2537654400,-0.64,-0.64,-0.64,-0.64
2540246400,-0.55,-0.55,-0.55,-0.55
2542924800,-0.51,-0.51,-0.51,-0.51
2545603200,-0.55,-0.55,-0.55,-0.55
2548195200,-0.63,-0.63,-0.63,-0.63
2550873600,-0.75,-0.75,-0.75,-0.75
2553465600,-0.74,-0.74,-0.74,-0.74
2556144000,-0.68,-0.68,-0.68,-0.68
2558822400,-0.52,-0.52,-0.52,-0.52
2561241600,-0.44,-0.44,-0.44,-0.44
2563920000,-0.34,-0.34,-0.34,-0.34
2566512000,-0.25,-0.25,-0.25,-0.25
2569190400,-0.12,-0.12,-0.12,-0.12
2571782400,-0.08,-0.08,-0.08,-0.08
2574460800,-0.13,-0.13,-0.13,-0.13
2577139200,-0.19,-0.19,-0.19,-0.19
2579731200,-0.29,-0.29,-0.29,-0.29
2582409600,-0.35,-0.35,-0.35,-0.35
2585001600,-0.31,-0.31,-0.31,-0.31
2587680000,-0.15,-0.15,-0.15,-0.15
2590358400,0.03,0.03,0.03,0.03
2592864000,0.09,0.09,0.09,0.09
2595542400,0.2,0.2,0.2,0.2
2598134400,0.43,0.43,0.43,0.43
2600812800,0.65,0.65,0.65,0.65
2603404800,0.79,0.79,0.79,0.79
2606083200,0.86,0.86,0.86,0.86
2608761600,1.01,1.01,1.01,1.01
2611353600,1.21,1.21,1.21,1.21
2614032000,1.31,1.31,1.31,1.31
2616624000,1.14,1.14,1.14,1.14
2619302400,0.92,0.92,0.92,0.92
2621980800,0.63,0.63,0.63,0.63
2624400000,0.38,0.38,0.38,0.38
2627078400,-0.04,-0.04,-0.04,-0.04
2629670400,-0.26,-0.26,-0.26,-0.26
2632348800,-0.16,-0.16,-0.16,-0.16
2634940800,0.08,0.08,0.08,0.08
2637619200,0.21,0.21,0.21,0.21
2640297600,0.26,0.26,0.26,0.26
2642889600,0.29,0.29,0.29,0.29
2645568000,0.35,0.35,0.35,0.35
2648160000,0.35,0.35,0.35,0.35
2650838400,0.37,0.37,0.37,0.37
2653516800,0.31,0.31,0.31,0.31
2655936000,0.23,0.23,0.23,0.23
2658614400,0.17,0.17,0.17,0.17
2661206400,0.17,0.17,0.17,0.17
2663884800,0.28,0.28,0.28,0.28
2666476800,0.47,0.47,0.47,0.47
2669155200,0.64,0.64,0.64,0.64
2671833600,0.7,0.7,0.7,0.7
2674425600,0.67,0.67,0.67,0.67
2677104000,0.66,0.66,0.66,0.66
2679696000,0.69,0.69,0.69,0.69
2682374400,0.64,0.64,0.64,0.64
2685052800,0.58,0.58,0.58,0.58
2687472000,0.45,0.45,0.45,0.45
2690150400,0.43,0.43,0.43,0.43
2692742400,0.29,0.29,0.29,0.29
2695420800,0.11,0.11,0.11,0.11
2698012800,-0.06,-0.06,-0.06,-0.06
2700691200,-0.14,-0.14,-0.14,-0.14
2703369600,-0.11,-0.11,-0.11,-0.11
2705961600,-0.29,-0.29,-0.29,-0.29
2708640000,-0.57,-0.57,-0.57,-0.57
2711232000,-0.84,-0.84,-0.84,-0.84
2713910400,-0.85,-0.85,-0.85,-0.85
2716588800,-0.77,-0.77,-0.77,-0.77
2719094400,-0.57,-0.57,-0.57,-0.57
2721772800,-0.37,-0.37,-0.37,-0.37
2724364800,-0.14,-0.14,-0.14,-0.14
2727043200,-0.03,-0.03,-0.03,-0.03
2729635200,0.1,0.1,0.1,0.1
2732313600,0.3,0.3,0.3,0.3
2734992000,0.54,0.54,0.54,0.54
2737584000,0.77,0.77,0.77,0.77
2740262400,0.94,0.94,0.94,0.94
2742854400,0.94,0.94,0.94,0.94
2745532800,0.66,0.66,0.66,0.66
2748211200,0.22,0.22,0.22,0.22
2750630400,-0.12,-0.12,-0.12,-0.12
2753308800,-0.32,-0.32,-0.32,-0.32
2755900800,-0.38,-0.38,-0.38,-0.38
2758579200,-0.47,-0.47,-0.47,-0.47
2761171200,-0.56,-0.56,-0.56,-0.56
2763849600,-0.81,-0.81,-0.81,-0.81
2766528000,-1.07,-1.07,-1.07,-1.07
2769120000,-1.34,-1.34,-1.34,-1.34
2771798400,-1.5,-1.5,-1.5,-1.5
2774390400,-1.6,-1.6,-1.6,-1.6
2777068800,-1.64,-1.64,-1.64,-1.64
2779747200,-1.52,-1.52,-1.52,-1.52
2782166400,-1.29,-1.29,-1.29,-1.29
2784844800,-1.01,-1.01,-1.01,-1.01
2787436800,-0.84,-0.84,-0.84,-0.84
2790115200,-0.61,-0.61,-0.61,-0.61
2792707200,-0.37,-0.37,-0.37,-0.37
2795385600,-0.23,-0.23,-0.23,-0.23
2798064000,-0.24,-0.24,-0.24,-0.24
2800656000,-0.35,-0.35,-0.35,-0.35
2803334400,-0.55,-0.55,-0.55,-0.55
2805926400,-0.73,-0.73,-0.73,-0.73
2808604800,-0.85,-0.85,-0.85,-0.85
2811283200,-0.79,-0.79,-0.79,-0.79
2813702400,-0.61,-0.61,-0.61,-0.61
2816380800,-0.33,-0.33,-0.33,-0.33
2818972800,0.01,0.01,0.01,0.01
2821651200,0.28,0.28,0.28,0.28
2824243200,0.45,0.45,0.45,0.45
2826921600,0.58,0.58,0.58,0.58
2829600000,0.71,0.71,0.71,0.71
2832192000,1.01,1.01,1.01,1.01
2834870400,1.36,1.36,1.36,1.36
2837462400,1.56,1.56,1.56,1.56
2840140800,1.5,1.5,1.5,1.5
2842819200,1.22,1.22,1.22,1.22
2845324800,0.84,0.84,0.84,0.84
2848003200,0.35,0.35,0.35,0.35
2850595200,-0.17,-0.17,-0.17,-0.17
2853273600,-0.66,-0.66,-0.66,-0.66
2855865600,-1.05,-1.05,-1.05,-1.05
2858544000,-1.35,-1.35,-1.35,-1.35
2861222400,-1.56,-1.56,-1.56,-1.56
2863814400,-1.64,-1.64,-1.64,-1.64
2866492800,-1.64,-1.64,-1.64,-1.64
2869084800,-1.54,-1.54,-1.54,-1.54
2871763200,-1.31,-1.31,-1.31,-1.31
2874441600,-1.04,-1.04,-1.04,-1.04
2876860800,-0.8,-0.8,-0.8,-0.8
2879539200,-0.62,-0.62,-0.62,-0.62
2882131200,-0.46,-0.46,-0.46,-0.46
2884809600,-0.37,-0.37,-0.37,-0.37
2887401600,-0.43,-0.43,-0.43,-0.43
2890080000,-0.58,-0.58,-0.58,-0.58
2892758400,-0.79,-0.79,-0.79,-0.79
2895350400,-0.96,-0.96,-0.96,-0.96
2898028800,-1.02,-1.02,-1.02,-1.02
2900620800,-0.92,-0.92,-0.92,-0.92
2903299200,-0.72,-0.72,-0.72,-0.72
2905977600,-0.57,-0.57,-0.57,-0.57
2908396800,-0.46,-0.46,-0.46,-0.46
2911075200,-0.36,-0.36,-0.36,-0.36
2913667200,-0.17,-0.17,-0.17,-0.17
2916345600,0.06,0.06,0.06,0.06
2918937600,0.3,0.3,0.3,0.3
2921616000,0.41,0.41,0.41,0.41
2924294400,0.41,0.41,0.41,0.41
2926886400,0.31,0.31,0.31,0.31
2929564800,0.13,0.13,0.13,0.13
2932156800,-0.1,-0.1,-0.1,-0.1
2934835200,-0.29,-0.29,-0.29,-0.29
2937513600,-0.29,-0.29,-0.29,-0.29
2939932800,-0.21,-0.21,-0.21,-0.21
2942611200,-0.19,-0.19,-0.19,-0.19
2945203200,-0.27,-0.27,-0.27,-0.27
2947881600,-0.34,-0.34,-0.34,-0.34
2950473600,-0.35,-0.35,-0.35,-0.35
2953152000,-0.28,-0.28,-0.28,-0.28
2955830400,-0.21,-0.21,-0.21,-0.21
2958422400,-0.13,-0.13,-0.13,-0.13
2961100800,-0.1,-0.1,-0.1,-0.1
2963692800,-0.15,-0.15,-0.15,-0.15
2966371200,-0.28,-0.28,-0.28,-0.28
2969049600,-0.32,-0.32,-0.32,-0.32
2971555200,-0.14,-0.14,-0.14,-0.14
2974233600,0.15,0.15,0.15,0.15
2976825600,0.31,0.31,0.31,0.31
2979504000,0.23,0.23,0.23,0.23
2982096000,0.1,0.1,0.1,0.1
2984774400,0.11,0.11,0.11,0.11
2987452800,0.28,0.28,0.28,0.28
2990044800,0.54,0.54,0.54,0.54
2992723200,0.71,0.71,0.71,0.71
2995315200,0.77,0.77,0.77,0.77
2997993600,0.69,0.69,0.69,0.69
3000672000,0.61,0.61,0.61,0.61
3003091200,0.65,0.65,0.65,0.65
3005769600,0.81,0.81,0.81,0.81
3008361600,1.02,1.02,1.02,1.02
3011040000,1.25,1.25,1.25,1.25
3013632000,1.57,1.57,1.57,1.57
3016310400,1.91,1.91,1.91,1.91
3018988800,2.21,2.21,2.21,2.21
3021580800,2.47,2.47,2.47,2.47
3024259200,2.64,2.64,2.64,2.64
3026851200,2.75,2.75,2.75,2.75
3029529600,2.63,2.63,2.63,2.63
3032208000,2.28,2.28,2.28,2.28
3034627200,1.71,1.71,1.71,1.71
3037305600,1.05,1.05,1.05,1.05
3039897600,0.49,0.49,0.49,0.49
3042576000,0.0,0.0,0.0,0.0
3045168000,-0.31,-0.31,-0.31,-0.31
3047846400,-0.5,-0.5,-0.5,-0.5
3050524800,-0.58,-0.58,-0.58,-0.58
3053116800,-0.64,-0.64,-0.64,-0.64
3055795200,-0.6,-0.6,-0.6,-0.6
3058387200,-0.45,-0.45,-0.45,-0.45
3061065600,-0.19,-0.19,-0.19,-0.19
3063744000,-0.02,-0.02,-0.02,-0.02
3066163200,0.18,0.18,0.18,0.18
3068841600,0.31,0.31,0.31,0.31
3071433600,0.4,0.4,0.4,0.4
3074112000,0.39,0.39,0.39,0.39
3076704000,0.19,0.19,0.19,0.19
3079382400,-0.07,-0.07,-0.07,-0.07
3082060800,-0.34,-0.34,-0.34,-0.34
3084652800,-0.6,-0.6,-0.6,-0.6
3087331200,-0.77,-0.77,-0.77,-0.77
3089923200,-0.86,-0.86,-0.86,-0.86
3092601600,-0.77,-0.77,-0.77,-0.77
3095280000,-0.71,-0.71,-0.71,-0.71
3097785600,-0.57,-0.57,-0.57,-0.57
3100464000,-0.39,-0.39,-0.39,-0.39
3103056000,-0.13,-0.13,-0.13,-0.13
3105734400,0.06,0.06,0.06,0.06
3108326400,0.14,0.14,0.14,0.14
3111004800,0.27,0.27,0.27,0.27
3113683200,0.53,0.53,0.53,0.53
3116275200,0.81,0.81,0.81,0.81
3118953600,0.97,0.97,0.97,0.97
3121545600,0.92,0.92,0.92,0.92
3124224000,0.89,0.89,0.89,0.89
3126902400,0.86,0.86,0.86,0.86
3129321600,0.84,0.84,0.84,0.84
3132000000,0.77,0.77,0.77,0.77
3134592000,0.64,0.64,0.64,0.64
3137270400,0.52,0.52,0.52,0.52
3139862400,0.33,0.33,0.33,0.33
3142540800,0.19,0.19,0.19,0.19
3145219200,0.23,0.23,0.23,0.23
3147811200,0.39,0.39,0.39,0.39
3150489600,0.58,0.58,0.58,0.58
3153081600,0.66,0.66,0.66,0.66
3155760000,0.64,0.64,0.64,0.64
3158438400,0.63,0.63,0.63,0.63
3160857600,0.53,0.53,0.53,0.53
3163536000,0.3,0.3,0.3,0.3
3166128000,0.01,0.01,0.01,0.01
3168806400,-0.23,-0.23,-0.23,-0.23
3171398400,-0.36,-0.36,-0.36,-0.36
3174076800,-0.53,-0.53,-0.53,-0.53
3176755200,-0.85,-0.85,-0.85,-0.85
3179347200,-1.12,-1.12,-1.12,-1.12
3182025600,-1.2,-1.2,-1.2,-1.2
3184617600,-1.08,-1.08,-1.08,-1.08
3187296000,-0.91,-0.91,-0.91,-0.91
3189974400,-0.79,-0.79,-0.79,-0.79
3192393600,-0.71,-0.71,-0.71,-0.71
3195072000,-0.55,-0.55,-0.55,-0.55
3197664000,-0.39,-0.39,-0.39,-0.39
3200342400,-0.3,-0.3,-0.3,-0.3
3202934400,-0.35,-0.35,-0.35,-0.35
3205612800,-0.45,-0.45,-0.45,-0.45
3208291200,-0.63,-0.63,-0.63,-0.63
3210883200,-0.76,-0.76,-0.76,-0.76
3213561600,-0.91,-0.91,-0.91,-0.91
3216153600,-0.87,-0.87,-0.87,-0.87
3218832000,-0.82,-0.82,-0.82,-0.82
3221510400,-0.79,-0.79,-0.79,-0.79
3224016000,-0.86,-0.86,-0.86,-0.86
3226694400,-0.95,-0.95,-0.95,-0.95
3229286400,-0.9,-0.9,-0.9,-0.9
3231964800,-0.78,-0.78,-0.78,-0.78
3234556800,-0.76,-0.76,-0.76,-0.76
3237235200,-0.87,-0.87,-0.87,-0.87
3239913600,-0.97,-0.97,-0.97,-0.97
3242505600,-0.94,-0.94,-0.94,-0.94
3245184000,-0.85,-0.85,-0.85,-0.85
3247776000,-0.71,-0.71,-0.71,-0.71
3250454400,-0.54,-0.54,-0.54,-0.54
3253132800,-0.29,-0.29,-0.29,-0.29
3255552000,-0.02,-0.02,-0.02,-0.02
3258230400,0.27,0.27,0.27,0.27
3260822400,0.57,0.57,0.57,0.57
3263500800,0.84,0.84,0.84,0.84
3266092800,1.12,1.12,1.12,1.12
3268771200,1.37,1.37,1.37,1.37
3271449600,1.6,1.6,1.6,1.6
3274041600,1.83,1.83,1.83,1.83
3276720000,1.99,1.99,1.99,1.99
3279312000,2.06,2.06,2.06,2.06
3281990400,1.92,1.92,1.92,1.92
3284668800,1.62,1.62,1.62,1.62
3287088000,1.26,1.26,1.26,1.26
3289766400,0.82,0.82,0.82,0.82
3292358400,0.49,0.49,0.49,0.49
3295036800,0.22,0.22,0.22,0.22
3297628800,0.08,0.08,0.08,0.08
3300307200,-0.07,-0.07,-0.07,-0.07
3302985600,-0.17,-0.17,-0.17,-0.17
3305577600,-0.21,-0.21,-0.21,-0.21
3308256000,-0.3,-0.3,-0.3,-0.3
3310848000,-0.42,-0.42,-0.42,-0.42
3313526400,-0.45,-0.45,-0.45,-0.45
3316204800,-0.24,-0.24,-0.24,-0.24
3318624000,-0.06,-0.06,-0.06,-0.06
3321302400,0.02,0.02,0.02,0.02
3323894400,-0.02,-0.02,-0.02,-0.02
3326572800,-0.04,-0.04,-0.04,-0.04
3329164800,-0.14,-0.14,-0.14,-0.14
3331843200,-0.28,-0.28,-0.28,-0.28
3334521600,-0.4,-0.4,-0.4,-0.4
3337113600,-0.51,-0.51,-0.51,-0.51
3339792000,-0.55,-0.55,-0.55,-0.55
3342384000,-0.54,-0.54,-0.54,-0.54
3345062400,-0.37,-0.37,-0.37,-0.37
3347740800,-0.16,-0.16,-0.16,-0.16
